status,product_area,response,justification,request_type
replied,account_access,"Based on our documentation:

# Claude Help Center

Exported 321 articles.

## Amazon Bedrock
- [How do I get access to Claude in Amazon Bedrock?](amazon-bedrock/7996920-how-do-i-get-access-to-claude-in-amazon-bedrock.md)
- [How do I learn more about Amazon and Anthropic’s strategic collaboration?](amazon-bedrock/10280779-how-do...",medium_risk_answered,product_issue
replied,assessments,"Based on our documentation:

# HackerRank Knowledge Base

Exported 394 articles.

## Uncategorized
- [Assessing Candidates on Prompt Engineering Skills](uncategorized/1231590424-assessing-candidates-on-prompt-engineering-skills.md)
- [Browser Recommendations](uncategorized/5897755717-browser-recommendations.md)
- [Execution Env...",answer_from_corpus,product_issue
replied,billing,"Based on our documentation:

# Visa India Support

## Root
- [Visa Consumer Support](support.md)

## support
- [Consumer](support/consumer.md)
- [Merchant](support/merchant.md)

## support/consumer
- [Checkout Fees + Contact Form](support/consumer/checkout-fees-contact-form.md)
- [Visa Travel Services | Visa Travel Credit Card ...",medium_risk_answered,product_issue
replied,billing,"Based on our documentation:

# HackerRank Knowledge Base

Exported 394 articles.

## Uncategorized
- [Assessing Candidates on Prompt Engineering Skills](uncategorized/1231590424-assessing-candidates-on-prompt-engineering-skills.md)
- [Browser Recommendations](uncategorized/5897755717-browser-recommendations.md)
- [Execution Env...",bug_guidance,bug
replied,billing,"Based on our documentation:

# HackerRank Knowledge Base

Exported 394 articles.

## Uncategorized
- [Assessing Candidates on Prompt Engineering Skills](uncategorized/1231590424-assessing-candidates-on-prompt-engineering-skills.md)
- [Browser Recommendations](uncategorized/5897755717-browser-recommendations.md)
- [Execution Env...",bug_guidance,bug
replied,general,"Based on our documentation:

# HackerRank Knowledge Base

Exported 394 articles.

## Uncategorized
- [Assessing Candidates on Prompt Engineering Skills](uncategorized/1231590424-assessing-candidates-on-prompt-engineering-skills.md)
- [Browser Recommendations](uncategorized/5897755717-browser-recommendations.md)
- [Execution Env...",answer_from_corpus,product_issue
replied,general,"Based on our documentation:

# HackerRank Knowledge Base

Exported 394 articles.

## Uncategorized
- [Assessing Candidates on Prompt Engineering Skills](uncategorized/1231590424-assessing-candidates-on-prompt-engineering-skills.md)
- [Browser Recommendations](uncategorized/5897755717-browser-recommendations.md)
- [Execution Env...",bug_guidance,bug
replied,assessments,"Based on our documentation:

# HackerRank Knowledge Base

Exported 394 articles.

## Uncategorized
- [Assessing Candidates on Prompt Engineering Skills](uncategorized/1231590424-assessing-candidates-on-prompt-engineering-skills.md)
- [Browser Recommendations](uncategorized/5897755717-browser-recommendations.md)
- [Execution Env...",bug_guidance,bug
replied,assessments,"Based on our documentation:

# HackerRank Knowledge Base

Exported 394 articles.

## Uncategorized
- [Assessing Candidates on Prompt Engineering Skills](uncategorized/1231590424-assessing-candidates-on-prompt-engineering-skills.md)
- [Browser Recommendations](uncategorized/5897755717-browser-recommendations.md)
- [Execution Env...",bug_guidance,bug
replied,assessments,"Based on our documentation:

# HackerRank Knowledge Base

Exported 394 articles.

## Uncategorized
- [Assessing Candidates on Prompt Engineering Skills](uncategorized/1231590424-assessing-candidates-on-prompt-engineering-skills.md)
- [Browser Recommendations](uncategorized/5897755717-browser-recommendations.md)
- [Execution Env...",feature_acknowledged,feature_request
replied,assessments,"Based on our documentation:

# HackerRank Knowledge Base

Exported 394 articles.

## Uncategorized
- [Assessing Candidates on Prompt Engineering Skills](uncategorized/1231590424-assessing-candidates-on-prompt-engineering-skills.md)
- [Browser Recommendations](uncategorized/5897755717-browser-recommendations.md)
- [Execution Env...",answer_from_corpus,product_issue
replied,general,"Based on our documentation:

# HackerRank Knowledge Base

Exported 394 articles.

## Uncategorized
- [Assessing Candidates on Prompt Engineering Skills](uncategorized/1231590424-assessing-candidates-on-prompt-engineering-skills.md)
- [Browser Recommendations](uncategorized/5897755717-browser-recommendations.md)
- [Execution Env...",bug_guidance,bug
replied,assessments,"Based on our documentation:

# HackerRank Knowledge Base

Exported 394 articles.

## Uncategorized
- [Assessing Candidates on Prompt Engineering Skills](uncategorized/1231590424-assessing-candidates-on-prompt-engineering-skills.md)
- [Browser Recommendations](uncategorized/5897755717-browser-recommendations.md)
- [Execution Env...",answer_from_corpus,product_issue
replied,general,"Based on our documentation:

# HackerRank Knowledge Base

Exported 394 articles.

## Uncategorized
- [Assessing Candidates on Prompt Engineering Skills](uncategorized/1231590424-assessing-candidates-on-prompt-engineering-skills.md)
- [Browser Recommendations](uncategorized/5897755717-browser-recommendations.md)
- [Execution Env...",answer_from_corpus,product_issue
replied,api_support,"Based on our documentation:

# Claude Help Center

Exported 321 articles.

## Amazon Bedrock
- [How do I get access to Claude in Amazon Bedrock?](amazon-bedrock/7996920-how-do-i-get-access-to-claude-in-amazon-bedrock.md)
- [How do I learn more about Amazon and Anthropic’s strategic collaboration?](amazon-bedrock/10280779-how-do...",bug_guidance,bug
escalated,general,Your request requires further review. Our support team will assist you shortly.,high_risk_security,product_issue
replied,general,"Based on our documentation:

# HackerRank Knowledge Base

Exported 394 articles.

## Uncategorized
- [Assessing Candidates on Prompt Engineering Skills](uncategorized/1231590424-assessing-candidates-on-prompt-engineering-skills.md)
- [Browser Recommendations](uncategorized/5897755717-browser-recommendations.md)
- [Execution Env...",answer_from_corpus,product_issue
replied,assessments,"Based on our documentation:

# HackerRank Knowledge Base

Exported 394 articles.

## Uncategorized
- [Assessing Candidates on Prompt Engineering Skills](uncategorized/1231590424-assessing-candidates-on-prompt-engineering-skills.md)
- [Browser Recommendations](uncategorized/5897755717-browser-recommendations.md)
- [Execution Env...",answer_from_corpus,product_issue
replied,general,"Based on our documentation:

# Visa India Support

## Root
- [Visa Consumer Support](support.md)

## support
- [Consumer](support/consumer.md)
- [Merchant](support/merchant.md)

## support/consumer
- [Checkout Fees + Contact Form](support/consumer/checkout-fees-contact-form.md)
- [Visa Travel Services | Visa Travel Credit Card ...",answer_from_corpus,product_issue
replied,api_support,"Based on our documentation:

# Claude Help Center

Exported 321 articles.

## Amazon Bedrock
- [How do I get access to Claude in Amazon Bedrock?](amazon-bedrock/7996920-how-do-i-get-access-to-claude-in-amazon-bedrock.md)
- [How do I learn more about Amazon and Anthropic’s strategic collaboration?](amazon-bedrock/10280779-how-do...",bug_guidance,bug
replied,api_support,"Based on our documentation:

# Claude Help Center

Exported 321 articles.

## Amazon Bedrock
- [How do I get access to Claude in Amazon Bedrock?](amazon-bedrock/7996920-how-do-i-get-access-to-claude-in-amazon-bedrock.md)
- [How do I learn more about Amazon and Anthropic’s strategic collaboration?](amazon-bedrock/10280779-how-do...",answer_from_corpus,product_issue
replied,billing,"Based on our documentation:

# Visa India Support

## Root
- [Visa Consumer Support](support.md)

## support
- [Consumer](support/consumer.md)
- [Merchant](support/merchant.md)

## support/consumer
- [Checkout Fees + Contact Form](support/consumer/checkout-fees-contact-form.md)
- [Visa Travel Services | Visa Travel Credit Card ...",medium_risk_answered,product_issue
replied,api_support,"Based on our documentation:

# Claude Help Center

Exported 321 articles.

## Amazon Bedrock
- [How do I get access to Claude in Amazon Bedrock?](amazon-bedrock/7996920-how-do-i-get-access-to-claude-in-amazon-bedrock.md)
- [How do I learn more about Amazon and Anthropic’s strategic collaboration?](amazon-bedrock/10280779-how-do...",feature_acknowledged,feature_request
replied,general,"Based on our documentation:

# HackerRank Knowledge Base

Exported 394 articles.

## Uncategorized
- [Assessing Candidates on Prompt Engineering Skills](uncategorized/1231590424-assessing-candidates-on-prompt-engineering-skills.md)
- [Browser Recommendations](uncategorized/5897755717-browser-recommendations.md)
- [Execution Env...",answer_from_corpus,product_issue
escalated,general,Your request requires further review. Our support team will assist you shortly.,high_risk_security,product_issue
replied,api_support,"Based on our documentation:

# Claude Help Center

Exported 321 articles.

## Amazon Bedrock
- [How do I get access to Claude in Amazon Bedrock?](amazon-bedrock/7996920-how-do-i-get-access-to-claude-in-amazon-bedrock.md)
- [How do I learn more about Amazon and Anthropic’s strategic collaboration?](amazon-bedrock/10280779-how-do...",bug_guidance,bug
replied,account_access,"Based on our documentation:

# HackerRank Knowledge Base

Exported 394 articles.

## Uncategorized
- [Assessing Candidates on Prompt Engineering Skills](uncategorized/1231590424-assessing-candidates-on-prompt-engineering-skills.md)
- [Browser Recommendations](uncategorized/5897755717-browser-recommendations.md)
- [Execution Env...",medium_risk_answered,product_issue
replied,api_support,"Based on our documentation:

# Claude Help Center

Exported 321 articles.

## Amazon Bedrock
- [How do I get access to Claude in Amazon Bedrock?](amazon-bedrock/7996920-how-do-i-get-access-to-claude-in-amazon-bedrock.md)
- [How do I learn more about Amazon and Anthropic’s strategic collaboration?](amazon-bedrock/10280779-how-do...",answer_from_corpus,product_issue
replied,billing,"Based on our documentation:

# Visa India Support

## Root
- [Visa Consumer Support](support.md)

## support
- [Consumer](support/consumer.md)
- [Merchant](support/merchant.md)

## support/consumer
- [Checkout Fees + Contact Form](support/consumer/checkout-fees-contact-form.md)
- [Visa Travel Services | Visa Travel Credit Card ...",medium_risk_answered,product_issue
